manufacturer,drug_type,drug_count,avg_cost_per_claim,total_spending,total_claims,total_beneficiaries
Overall,Brand,2997,4474.07,250091404077.0,716832699.0,230650737.0
Overall,Generic,601,925.13,25833116474.0,900803751.0,247930149.0
BMS Primarycare,Brand,18,6774.71,19594167559.0,21372231.0,3954708.0
Novo Nordisk,Brand,43,841.86,18927065140.0,17220629.0,4295757.0
Eli Lilly & Co.,Brand,54,3363.65,15886397838.0,13764072.0,3054204.0
Boehringer Ing.,Brand,27,4143.9,15717354549.0,14916961.0,3479461.0
Glaxosmithkline,Brand,45,2072.99,12554619721.0,27841963.0,13826723.0
Astrazeneca,Brand,35,5161.05,12239890905.0,11465462.0,2847013.0
Abbvie US LLC,Brand,34,6768.0,11540973575.0,6537037.0,1400033.0
Janssen Pharm.,Brand,20,3379.78,9551407797.0,7977171.0,1531871.0
Sanofi-Aventis,Brand,30,9018.68,7885001830.0,8364594.0,1983504.0
Novartis,Brand,55,9518.43,7747270369.0,3768124.0,803625.0
Merck Sharp & D,Brand,37,2889.45,6156624699.0,6203331.0,1659140.0
Pfizer US Pharm,Brand,64,5395.02,6150857851.0,2796037.0,2266760.0
Gilead Sciences,Brand,22,9604.54,6121792400.0,1441619.0,174124.0
Allergan Inc.,Brand,36,907.22,6044801891.0,7544352.0,1919499.0
Celgene/BMS,Brand,10,18572.08,5915783717.0,314602.0,53319.0
Amgen,Brand,31,5530.64,5458827516.0,1489733.0,432245.0
Astellas Pharma,Brand,9,4911.16,5213902466.0,3861722.0,804600.0
Viiv Healthcare,Brand,16,2785.56,2394006655.0,720316.0,83878.0
Incyte Corporat,Brand,3,12654.15,2042749957.0,151409.0,28333.0
Janssen Biotech,Brand,11,12481.85,2016218143.0,162267.0,28762.0
Teva USA,Brand,117,660.68,1918552137.0,24550398.0,10074454.0
Takeda Pharmace,Brand,27,12920.89,1839411240.0,1263695.0,239905.0
Actelion Pharma,Brand,5,16617.78,1794861001.0,114110.0,12909.0
Aurobindo Pharm,Generic,147,341.54,1782446220.0,76514222.0,26413061.0
"Bayer,Pharm Div",Brand,21,4132.34,1677305881.0,411350.0,91315.0
Dr.Reddy'S Lab,Generic,87,1148.82,1392676058.0,34873373.0,11417041.0
Otsuka America,Brand,7,6330.61,1380576768.0,658948.0,99417.0
"Genentech, Inc.",Brand,34,9188.07,1333284031.0,195744.0,36357.0
Amgen USA Inc.,Brand,4,1226.1,1331795282.0,1477120.0,286881.0
Zydus Pharmaceu,Generic,100,654.67,1276594785.0,55933206.0,18009631.0
Salix Pharmaceu,Brand,11,975.8,1225889603.0,600017.0,197492.0
Amneal Pharmace,Generic,122,1106.6,1201659513.0,29821113.0,11059989.0
Apotex Corp,Generic,70,1348.88,1143327292.0,32699392.0,9528397.0
Janssen Product,Brand,9,5441.87,1088470545.0,380514.0,58238.0
Amneal Pharmace,Brand,112,435.08,1082446849.0,24377505.0,8822655.0
Teva USA,Generic,122,611.9,1042452997.0,51151788.0,17200090.0
Aurobindo Pharm,Brand,111,110.4,991419377.0,50618830.0,21077622.0
Mylan,Brand,96,441.68,966388983.0,26444149.0,8333999.0
Ascend Laborato,Generic,57,497.56,947688731.0,45806008.0,15525142.0
Mallinckrodt Ph,Brand,19,4346.26,936157078.0,23473297.0,7024291.0
Eisai Inc.,Brand,7,5679.77,891550701.0,141145.0,26743.0
"Cipla USA, Inc.",Generic,60,1080.93,827264447.0,26507894.0,8627532.0
Camber Pharmace,Generic,86,781.01,816663948.0,25544686.0,8551582.0
Mylan,Generic,93,679.5,801649136.0,13006975.0,4520533.0
Lupin Pharmaceu,Generic,77,408.35,795764854.0,52667261.0,18000731.0
Lupin Pharmaceu,Brand,85,290.16,787453553.0,24409144.0,8424457.0
Biogen-Idec,Brand,8,26879.5,782984256.0,83063.0,10568.0
Grifols Therape,Brand,5,5547.83,742404554.0,90233.0,15875.0
Glenmark Pharma,Generic,64,421.62,725002680.0,25340729.0,8882159.0
Vertex Pharmace,Brand,4,26617.03,715202932.0,26120.0,2696.0
CSL Behring LLC,Brand,6,27152.53,694158728.0,59920.0,5194.0
Northstar Rx Ll,Generic,97,373.98,668373964.0,25692826.0,8560478.0
Baxalta US Inc.,Brand,5,10307.37,667688217.0,65523.0,5469.0
Alexion Pharmac,Brand,3,70033.98,641946705.0,10099.0,1162.0
United Therap,Brand,8,12639.86,636354826.0,36123.0,4306.0
Horizon/Amgen,Brand,10,52496.28,632752819.0,59501.0,12110.0
Prasco Labs,Brand,30,416.98,622269616.0,6100495.0,2610607.0
Rising Pharm,Generic,105,220.31,600318261.0,26598889.0,9958449.0
Sunovion-Sumito,Brand,4,999.52,598649570.0,382809.0,89428.0
Solco Healthcar,Generic,36,125.54,581147171.0,34868964.0,10486694.0
Novadoz Pharmac,Generic,26,1108.03,577187674.0,13418173.0,5165449.0
Regeneron Pharm,Brand,5,11681.17,561539527.0,594424.0,113418.0
Teva Pharm,Generic,10,4955.32,535915835.0,309241.0,122143.0
"Emd Serono, Inc",Brand,8,19622.85,507886620.0,28581.0,4314.0
Sandoz,Brand,90,558.73,486450900.0,11527049.0,6753134.0
Teva Neuroscien,Brand,5,5056.07,473966001.0,72611.0,11104.0
Jazz Pharmaceut,Brand,4,13456.0,466999442.0,57352.0,6473.0
Apotex Corp,Brand,54,721.52,465451331.0,12639615.0,4967021.0
Unichem Pharmac,Generic,29,30.18,459301804.0,37646205.0,12508003.0
Actavis/Teva,Generic,79,1004.24,442795171.0,19243603.0,6403355.0
Dr.Reddy'S Lab,Brand,63,792.63,441987060.0,9995041.0,3745754.0
Sandoz,Generic,80,291.08,439045462.0,16369344.0,6756710.0
Purdue Pharma L,Brand,3,708.65,436782342.0,602385.0,76759.0
UCB Pharma,Brand,7,10642.35,429100235.0,161041.0,36313.0
Alkermes Inc,Brand,4,2174.75,428391628.0,185635.0,32384.0
Bausch & Lomb I,Brand,38,229.91,419029370.0,4962766.0,2894002.0
Alcon Laborator,Brand,9,181.35,397415203.0,908148.0,232018.0
Alvogen Inc,Generic,20,1026.54,389842469.0,703846.0,275275.0
West-Ward/Hikma,Brand,60,335.26,382263102.0,13015961.0,6596472.0
Par Pharm.,Generic,46,2183.76,378358631.0,3178912.0,1619022.0
Camber Pharmace,Brand,49,310.69,377128559.0,10691324.0,4087393.0
Bd Diabetes/Emb,Brand,22,59.88,371627570.0,4956055.0,1967282.0
Collegium Pharm,Brand,3,953.43,362032631.0,475046.0,68689.0
UCB Pharma*,Brand,3,1663.61,355816957.0,219317.0,29119.0
Ajanta Pharma L,Brand,20,503.78,354554388.0,2008145.0,609350.0
Accord Healthca,Generic,61,512.24,347731242.0,14002007.0,7318329.0
Octapharma USA,Brand,4,8713.07,337091830.0,26236.0,2751.0
Zydus Pharmaceu,Brand,64,247.21,332837593.0,7013687.0,2553008.0
Ajanta Pharma L,Generic,20,203.83,327459002.0,8758159.0,2199497.0
Mitsubishi Tana,Brand,3,10000.17,305160833.0,21975.0,3136.0
Biocon Pharma I,Generic,9,1317.4,304282303.0,14193198.0,5358248.0
Torrent Pharmac,Generic,31,762.58,289339617.0,9467199.0,3393564.0
Alembic Pharmac,Generic,59,337.18,287729685.0,6394367.0,2131284.0
Glenmark Pharma,Brand,67,248.71,286827167.0,6380704.0,3191043.0
Breckenridge,Generic,26,983.08,286319178.0,4712094.0,1532257.0
TWI Pharmaceuti,Brand,15,863.86,284751034.0,3121460.0,1133416.0
Rising Pharm,Brand,63,245.69,280078434.0,15810585.0,6933374.0
Genzyme,Brand,12,46190.0,278698496.0,74724.0,17090.0
Bausch Health U,Brand,47,3691.1,276474138.0,169081.0,60061.0
"Cipla USA, Inc.",Brand,29,724.67,272506772.0,7032177.0,3048736.0
Pfizer/Viatris,Brand,26,1171.82,265941926.0,368243.0,71143.0
Insulet Corpora,Brand,4,1166.3,265475373.0,219244.0,67134.0
Taiho Oncology,Brand,3,15013.16,260666909.0,23357.0,5588.0
Upsher-Smith La,Brand,28,490.25,248974466.0,6059833.0,2081331.0
West-Ward/Hikma,Generic,57,645.95,248366460.0,3328585.0,1761870.0
Northstar Rx Ll,Brand,96,185.3,247521086.0,7357569.0,3370383.0
Sun Pharmaceuti,Generic,43,1080.42,245000698.0,2776607.0,1319256.0
Sun Pharma Glob,Brand,37,1458.59,237918821.0,807391.0,356399.0
Ascend Laborato,Brand,30,438.01,236886613.0,6981082.0,3241549.0
Par Pharm.,Brand,43,503.8,233371926.0,1743833.0,555355.0
Actavis/Teva,Brand,81,176.16,230150953.0,4678054.0,1987282.0
Taro Pharm USA,Generic,47,331.48,227835256.0,6249710.0,2541260.0
Shire US Inc.,Brand,12,15910.81,222405920.0,185670.0,48208.0
Ingenus Pharmac,Brand,22,346.15,221436281.0,5351662.0,1587995.0
Accord Healthca,Brand,22,179.75,219134393.0,9224974.0,2620410.0
Alvogen Inc,Brand,17,263.1,218741469.0,6083227.0,2421337.0
Torrent Pharmac,Brand,27,510.04,217610362.0,13220812.0,3853618.0
Sciegen Pharmac,Generic,18,143.31,212544652.0,12455697.0,4150332.0
Smith&n/United,Brand,3,813.33,203306454.0,289179.0,151787.0
Granules Pharma,Brand,11,335.22,201305346.0,8537088.0,2853662.0
Ani Pharmaceuti,Brand,39,2946.63,193472433.0,747385.0,281579.0
Vanda Pharmaceu,Brand,3,17080.32,189574495.0,47570.0,4663.0
Padagis,Brand,45,140.13,185105097.0,5316081.0,3202437.0
Greenstone LLC.,Generic,39,135.14,183446962.0,5671370.0,2120425.0
Macleods Pharma,Generic,34,108.5,181755736.0,5038319.0,1628659.0
Organon LLC,Brand,29,833.62,180816548.0,379647.0,106440.0
Apotex Corp*,Brand,6,132.48,180560949.0,1858122.0,1041955.0
Indivior Inc.,Brand,3,1749.81,175710817.0,233316.0,29531.0
Lannett Co. Inc,Brand,40,116.99,172205266.0,5277877.0,1562748.0
Sun Pharma Glob,Generic,21,809.32,169840838.0,849247.0,306133.0
Slate Run Pharm,Brand,17,155.01,167688005.0,3738946.0,1250243.0
Zydus Pharmaceu*,Brand,3,4489.49,167391126.0,442955.0,150908.0
Solco Healthcar,Brand,18,111.89,166705082.0,9243205.0,3319921.0
Sun Pharmaceuti,Brand,42,403.96,165716024.0,2727122.0,1447639.0
Oceanside Pharm,Brand,26,466.85,164221377.0,1899584.0,698679.0
Alembic Pharmac,Brand,42,159.81,163756913.0,4168344.0,1937420.0
Taro Pharm USA,Brand,38,124.31,161281756.0,2984113.0,1763690.0
Strides Pharma,Generic,39,159.4,160854578.0,5137091.0,2472079.0
"Micro Labs USA,",Generic,22,109.05,159707567.0,2946990.0,1264101.0
Bluepoint Labor,Generic,47,335.68,155685213.0,9038564.0,2265856.0
Macleods Pharma,Brand,28,126.09,143442487.0,3515721.0,1360841.0
Pharmacia-Upjhn,Brand,38,1002.11,143115739.0,176066.0,72072.0
Ingenus Pharmac,Generic,28,607.16,137547281.0,4872111.0,1682675.0
Leading Pharma,Brand,15,39.7,132038646.0,15981991.0,4435769.0
Avet Pharmaceut,Brand,36,145.05,130988162.0,5225924.0,1737143.0
Teva USA*,Brand,5,230.18,128798342.0,4888701.0,1749220.0
Sciegen Pharmac,Brand,15,247.98,124168560.0,2553897.0,842526.0
Avet Pharmaceut,Generic,47,138.33,123908560.0,7206666.0,2562816.0
Novitium/Ani Ph,Generic,30,818.97,121165067.0,6142540.0,3007766.0
Granules Pharma,Generic,11,970.96,118827214.0,9105906.0,3108570.0
Pacific/Greenst,Generic,3,163.9,118822199.0,2335863.0,1350665.0
"Xiromed, LLC",Generic,17,478.82,118326671.0,4791471.0,1777900.0
Quallent Pharma,Generic,33,259.6,116558308.0,4739585.0,1712318.0
Seagen Inc.,Brand,4,29776.42,110583067.0,5131.0,1000.0
Forest/Allergan,Brand,8,615.57,110038205.0,440580.0,105168.0
Ani Pharmaceuti,Generic,28,1676.58,108594883.0,1655208.0,573353.0
Legacy Pharmace,Generic,18,12.54,106763378.0,11874301.0,3889584.0
Epic Pharma LLC,Brand,23,106.76,101127482.0,3504944.0,1734832.0
Arbor/Azurity,Brand,16,981.17,99523682.0,184480.0,38610.0
Epic Pharma LLC,Generic,31,510.68,97454955.0,3013387.0,1950861.0
Strides Pharma,Brand,24,321.49,97300718.0,1829200.0,828042.0
Tris Pharma Inc,Brand,14,181.37,96141504.0,3038117.0,1606475.0
Lundbeck Inc.,Brand,5,21457.77,95852951.0,14826.0,2589.0
Alnylam Pharmac,Brand,3,69332.94,91285723.0,1121.0,262.0
"Micro Labs USA,",Brand,18,215.26,90602464.0,2206766.0,1332831.0
Encube Ethicals,Brand,9,238.72,87386577.0,2140893.0,1062742.0
Jubilant Cadist,Generic,18,34.06,86953674.0,7729468.0,4378141.0
Mayne Pharma In,Brand,52,353.33,85895122.0,1304331.0,568113.0
Xeris Pharmaceu,Brand,7,7685.19,83871208.0,91070.0,63184.0
Bluepoint Labor,Brand,34,185.67,83658929.0,3569572.0,1036956.0
Encube Ethicals,Generic,9,169.17,81943125.0,1098641.0,672405.0
Tris Pharma Inc,Generic,10,423.66,81694088.0,2852005.0,1015830.0
Advagen Pharma,Generic,21,98.07,81621158.0,4874699.0,2039476.0
Upsher-Smith La,Generic,12,223.71,80024312.0,1212207.0,349439.0
Qualitest/Par P,Generic,11,137.69,79718178.0,1920447.0,748087.0
Perrigo/Padagis,Brand,41,196.91,78234541.0,2131072.0,1412440.0
Advagen Pharma,Brand,17,88.47,76993809.0,5081749.0,2160372.0
"KVK-Tech, Inc.",Generic,11,114.39,74821674.0,3971407.0,1436794.0
Breckenridge,Brand,13,81.77,72553022.0,814846.0,234854.0
Mallinckrodt Ph,Generic,8,759.17,72064721.0,3395380.0,1316059.0
Auxilium/Endo P,Brand,4,3292.56,71587798.0,20508.0,8741.0
Lannett Co. Inc,Generic,31,338.66,71460695.0,1015211.0,403733.0
Novartis/Sandoz,Brand,15,484.73,71376780.0,142240.0,43362.0
"KVK-Tech, Inc.",Brand,13,89.62,70731197.0,822749.0,340416.0
Teva Specialty,Brand,11,885.15,69958733.0,300113.0,127047.0
Endo Pharm Inc.,Brand,6,1664.26,69777935.0,22957.0,5730.0
West-Ward/Hikma*,Brand,12,54.26,69621923.0,2702738.0,1460354.0
"Chiesi USA, Inc",Brand,8,56555.76,68501144.0,2341.0,339.0
Supernus Pharma,Brand,3,1308.1,68144199.0,45710.0,8593.0
Rhodes Pharmace,Brand,15,157.27,68068446.0,3899219.0,1181351.0
Oceanside Pharm,Generic,21,2762.8,66088462.0,303642.0,137671.0
Hikma Pharmaceu,Generic,10,2335.47,65999640.0,71198.0,33204.0
Slate Run Pharm,Generic,11,606.1,65973467.0,1604282.0,579535.0
"Kyowa Kirin, In",Brand,4,17704.59,65745901.0,19724.0,3666.0
Wyeth/Pfizer,Brand,10,9804.55,65173519.0,113862.0,25858.0
Cosette Pharmac,Brand,20,694.22,64089435.0,773049.0,469301.0
Fougera/Sandoz,Brand,15,56.03,63853202.0,2429171.0,1544163.0
Nivagen Pharmac,Generic,18,92.05,63619910.0,3727880.0,1549771.0
Viona Pharmaceu,Brand,13,187.16,63155670.0,2139770.0,1349410.0
Bausch & Lomb I,Generic,9,111.64,61715864.0,2415869.0,765534.0
Padagis,Generic,24,130.46,61101053.0,1298448.0,784394.0
Laurus Labs Lim,Generic,5,795.65,61098419.0,1008232.0,478781.0
Woodward Pharma,Brand,11,2467.34,57803758.0,86305.0,35919.0
Novitium/Ani Ph,Brand,15,179.95,57768784.0,730452.0,225732.0
Ipsen Biopharma,Brand,3,8428.15,57020082.0,7116.0,1338.0
"Trupharma, LLC.",Generic,23,595.12,56676986.0,2741651.0,1098495.0
Rhodes Pharmace,Generic,6,98.79,55753069.0,1427287.0,628338.0
Perrigo/Padagis,Generic,23,116.04,55047513.0,1899741.0,1127107.0
Cosette Pharmac,Generic,17,111.12,54197239.0,532407.0,318897.0
Bionpharma Inc.,Generic,22,502.77,52974294.0,625799.0,236352.0
Viona Pharmaceu,Generic,16,128.62,52401998.0,1338708.0,480874.0
Upsher Smith La,Generic,8,97.9,51444131.0,1009297.0,286285.0
Greenstone LLC.,Brand,19,199.7,50904886.0,1174415.0,576950.0
Santarus Inc/Sa,Brand,4,4315.61,50583790.0,9952.0,2279.0
Lifestar Pharma,Generic,15,190.6,50486722.0,1678000.0,508631.0
Biomarin Pharma,Brand,4,65065.6,50151323.0,1501.0,147.0
Prasco Labs,Generic,19,1132.44,49715237.0,262822.0,107811.0
Mannkind Corpor,Brand,4,1083.85,48608505.0,46111.0,10697.0
"Celltrion USA,",Generic,7,526.75,48088248.0,87541.0,39763.0
Qualitest/Par P,Brand,10,53.17,46149708.0,1165455.0,368779.0
Upsher Smith La,Brand,8,238.26,45790985.0,1082549.0,383913.0
"Trupharma, LLC.",Brand,11,296.45,44680388.0,2542944.0,965553.0
Roxane/West-War,Brand,24,102.78,44555702.0,2504652.0,990170.0
Recordati Rare,Brand,5,14140.57,44373463.0,2207.0,316.0
Leo Pharma Inc.,Brand,5,1683.04,42858243.0,18619.0,6722.0
Simple Diagnost,Brand,5,112.44,42791873.0,388198.0,133231.0
Pharm Assoc Inc,Brand,31,81.62,42761161.0,944772.0,482035.0
"Cephalon,Inc.-T",Brand,9,8103.29,42548568.0,9315.0,2262.0
Legacy Pharmace,Brand,8,15.55,42360248.0,3334067.0,1101482.0
Braintree/Sebel,Brand,4,82.23,42141007.0,295279.0,287048.0
Bluepoint/Oncop,Generic,5,2448.7,41837935.0,15624.0,3398.0
Sarepta Therape,Brand,3,94877.08,41612665.0,603.0,17.0
Fresenius Kabi,Brand,64,376.82,41367733.0,188517.0,79508.0
Kremers/Lannett,Brand,10,194.12,41175180.0,625542.0,205294.0
Covis Pharma,Brand,6,929.98,40606443.0,226667.0,90346.0
"Htl-Strefa, S.A",Brand,7,65.14,40536557.0,583946.0,224853.0
Mylan Specialty,Generic,3,354.59,40496330.0,201176.0,144063.0
Winthrop US,Generic,6,274.67,40463817.0,211993.0,93676.0
Lifestar Pharma,Brand,12,589.95,40037465.0,699038.0,307964.0
Mayne Pharma In,Generic,18,1143.0,39850268.0,493797.0,168765.0
Baxter Healthca,Brand,61,375.76,39631233.0,541957.0,165699.0
Ohm-Sun Pharmac,Generic,4,331.73,38030154.0,2129682.0,1075988.0
Unichem Pharmac,Brand,12,36.09,37704574.0,1534906.0,675862.0
Leading Pharma,Generic,13,215.12,37145979.0,2665417.0,913230.0
Somerset Therap,Generic,6,294.5,36329253.0,1938485.0,586856.0
Almatica Pharma,Brand,20,928.66,35980750.0,41810.0,9898.0
Rising Pharm*,Brand,3,24.03,35835749.0,2236639.0,1107322.0
Specgx LLC,Generic,5,624.6,35686142.0,822091.0,250741.0
Caraco/Sun Phar,Generic,12,30.18,35431770.0,2937468.0,1275712.0
Vistapharm/Pai,Generic,12,346.5,34729420.0,142311.0,55829.0
Ferring Ph Inc,Brand,6,740.76,34684387.0,192444.0,185453.0
Concordia Pharm,Brand,10,2196.73,34046036.0,13940.0,2822.0
Trigen Laborato,Brand,12,127.92,32584247.0,560095.0,372367.0
Home Aide Diagn,Brand,20,82.79,32265830.0,352661.0,120246.0
Mylan*,Brand,6,199.35,31797727.0,411964.0,209983.0
Travere Therape,Brand,3,8893.03,31485603.0,3617.0,425.0
Mylan Specialty,Brand,11,2965.6,31409968.0,13262.0,4074.0
Oxford Pharmace,Generic,9,18.56,31274425.0,2533103.0,1022059.0
Bionpharma Inc.,Brand,17,97.9,31204540.0,1850999.0,858019.0
Mylan Spec/Bioc,Brand,3,767.85,31025135.0,74017.0,26524.0
Pharm Assoc Inc,Generic,13,313.63,30828132.0,1184862.0,476613.0
Jubilant Cadist,Brand,9,72.02,30496578.0,933580.0,403315.0
Actavis/Teva*,Brand,4,228.54,29887261.0,80287.0,37622.0
Aci Healthcare,Generic,7,120.14,29877921.0,1985906.0,703568.0
Time-Cap Labs,Generic,5,10.41,29837679.0,2444559.0,1026467.0
Sobi-Swedish Or,Brand,4,21901.13,29366275.0,4884.0,770.0
Bayshore Pharma,Generic,8,64.33,29210724.0,1684599.0,601051.0
TWI Pharmaceuti,Generic,9,1097.43,28840012.0,444928.0,201433.0
Be Pharmaceutic,Generic,3,564.44,28396031.0,24226.0,5913.0
Somerset Therap,Brand,17,83.62,28376385.0,1640824.0,705649.0
Ibsa Pharma Inc,Brand,4,543.09,28306345.0,78156.0,18500.0
Ultimed Inc,Brand,16,47.99,26937888.0,493805.0,184938.0
Amneal Pharmace*,Brand,4,3532.78,26768927.0,218031.0,64737.0
Sanofi-Pasteur,Brand,13,126.68,26406183.0,347334.0,343412.0
Edenbridge Phar,Brand,12,106.31,26381152.0,627133.0,289468.0
Hikma Specialty,Brand,3,257.23,26342410.0,80453.0,30885.0
Pfizer Labs.,Brand,3,599.89,26234811.0,2256535.0,2193175.0
Roxane/West-War,Generic,22,231.18,25820981.0,1102905.0,657761.0
Teva Pharm,Brand,9,1333.26,25101458.0,744379.0,295121.0
Winthrop US,Brand,5,158.73,24940427.0,221018.0,113653.0
Fougera/Sandoz,Generic,17,105.22,24774863.0,454066.0,277475.0
Northstar Rx Ll*,Brand,4,189.03,24745826.0,529924.0,289893.0
Nivagen Pharmac,Brand,16,96.86,24504445.0,809680.0,307817.0
Caraco/Sun Phar,Brand,3,9.91,24034610.0,2768599.0,1098428.0
Florida Pharmac,Generic,6,370.21,22930135.0,57203.0,27124.0
Dr.Reddy'S Lab*,Brand,3,783.11,22471234.0,770424.0,209626.0
Westminster Pha,Generic,19,73.41,22373053.0,807627.0,408122.0
Novartis/Harrow,Brand,5,283.12,22265561.0,54489.0,30691.0
Affordable Phar,Brand,3,37.46,21195593.0,479322.0,462400.0
Carlsbad Tech,Brand,5,17.59,20990025.0,1456089.0,522900.0
Eywa Pharma Inc,Brand,10,48.88,20848559.0,1101506.0,588384.0
Tersera Therape,Brand,5,3794.75,20264668.0,3201.0,679.0
Ranbaxy/Sun Pha,Brand,9,52.51,19900433.0,486221.0,119785.0
Tagi Pharma,Brand,5,89.92,19480269.0,1808353.0,1163670.0
Mylan Instituti,Generic,43,227.76,19143163.0,157843.0,47338.0
"Daiichi Sankyo,",Brand,4,11634.53,18515571.0,9439.0,1797.0
Thea Pharma Inc,Brand,6,350.12,18424817.0,52593.0,18279.0
Helsinn Therape,Brand,3,3246.95,18270147.0,6044.0,1620.0
Nostrum Laborat,Generic,7,430.34,17874090.0,452001.0,231634.0
Auromedics-Eugi,Generic,23,507.24,17478485.0,72813.0,22425.0
Laurus Labs Lim,Brand,8,560.26,17364621.0,104946.0,39525.0
Eyevance/Harrow,Brand,5,618.28,17286500.0,63054.0,33123.0
Hi-Tech/Akorn C,Brand,22,55.56,17088964.0,761237.0,514876.0
Meda/Mylan Spec,Brand,13,1321.3,17003682.0,20823.0,9666.0
Hospira/Pfizer,Brand,56,218.3,17002164.0,303853.0,128128.0
Auromedics-Eugi,Brand,33,210.48,16955244.0,125065.0,67979.0
"Xiromed, LLC",Brand,20,105.52,16939704.0,278609.0,98087.0
Amici Pharmaceu,Generic,5,54.72,16502236.0,435182.0,138098.0
Taro Pharm USA*,Brand,3,20.47,16483266.0,971009.0,667918.0
Virtus Pharmace,Generic,8,538.95,16426178.0,401808.0,206066.0
Tolmar Inc.,Brand,3,732.57,16340656.0,420157.0,198571.0
Gavis/Lupin,Brand,6,55.04,15907284.0,859786.0,792254.0
Westminster Pha,Brand,21,112.86,15486599.0,455017.0,214926.0
Pfizer US Pharm*,Brand,3,356.91,15377054.0,24670.0,10539.0
Mylan Instituti,Brand,48,795.46,15315228.0,148931.0,51569.0
Noven Therapeut,Brand,6,558.63,15153158.0,47743.0,13961.0
Sigmapharm Labo,Generic,9,531.92,15027618.0,61105.0,16844.0
Fresenius Kabi,Generic,28,510.17,14803330.0,45098.0,15538.0
Carwin Associat,Brand,4,1879.55,14109258.0,5144.0,1763.0
Biocon Pharma I,Brand,6,380.63,14049647.0,204955.0,81713.0
Vitruvias Thera,Brand,6,183.9,13977815.0,845454.0,436220.0
Therapeut/Mayne,Brand,3,1093.05,13822636.0,33942.0,9315.0
Owen Mumford Us,Brand,13,36.16,13728587.0,409319.0,154351.0
Allison Medical,Brand,14,43.54,13667114.0,313458.0,112716.0
Quallent Pharma,Brand,10,69.08,13350698.0,522525.0,209846.0
Cameron Pharmac,Generic,4,1023.84,13262164.0,5652.0,3989.0
Acella Pharmace,Generic,7,92.89,12445392.0,305232.0,156912.0
Waylis Therapeu,Brand,8,5719.8,12421069.0,7898.0,1764.0
Archis Pharma L,Brand,3,423.64,10771082.0,29282.0,12344.0
Aptalis/Allerga,Brand,6,956.45,10692183.0,15822.0,9034.0
"Almirall, LLC",Brand,8,949.56,10504737.0,10892.0,6143.0
Hospira/Pfizer,Generic,29,148.79,10358108.0,150157.0,58707.0
Sandoz*,Brand,6,189.36,10332688.0,114564.0,90700.0
Mhc Medical Pro,Brand,15,29.93,10307684.0,387148.0,131841.0
Amring-Nordic,Brand,4,322.51,10247547.0,41291.0,20286.0
Hi-Tech/Akorn C,Generic,12,71.13,10211416.0,266641.0,152357.0
Azurity Pharmac,Brand,10,939.73,9906416.0,18019.0,6932.0
H2 Pharma LLC,Brand,7,423.46,9885086.0,31597.0,16476.0
Novo Nordisk-Wa,Brand,10,124.42,9832370.0,79547.0,35379.0
Galderma Labora,Brand,11,622.88,9442706.0,18358.0,9393.0
Meitheal Pharma,Generic,16,639.38,8850332.0,65396.0,30881.0
Coherus Bioscie,Brand,3,3648.16,8632226.0,1811.0,652.0
WG Critical Car,Brand,13,240.21,8608136.0,54297.0,28043.0
Shionogi Pharma,Brand,4,3474.0,8366929.0,9216.0,3721.0
Acella Pharmace,Brand,8,119.32,8206674.0,145410.0,56143.0
Ranbaxy/Sun Pha,Generic,9,53.48,8048856.0,561568.0,436317.0
Pacific/Greenst,Brand,5,79.72,7939268.0,292961.0,169676.0
Sunrise Pharmac,Brand,5,112.47,7774394.0,428361.0,150008.0
Quagen Pharmace,Generic,8,90.53,7691054.0,120073.0,65081.0
Nostrum Laborat,Brand,11,133.34,7606131.0,91852.0,42074.0
Novadoz Pharmac,Brand,6,416.04,7550631.0,20797.0,8315.0
Xellia Pharmace,Generic,4,430.01,7376755.0,20806.0,5906.0
Major Pharmaceu,Generic,124,105.95,7315822.0,500780.0,175656.0
Mutual Pharm Co,Brand,6,56.07,7213926.0,177131.0,63798.0
App/Fresenius K,Brand,29,275.62,7108191.0,36364.0,15012.0
Wockhardt USA L,Brand,13,101.49,6831452.0,51853.0,32909.0
Nephron Corp,Brand,4,53.88,6533273.0,206884.0,102052.0
Aci Healthcare,Brand,4,32.64,6528050.0,602613.0,256607.0
Bayshore Pharma,Brand,7,29.79,6441551.0,324712.0,144573.0
Chartwell Rx Ll,Generic,49,70.46,6384421.0,101688.0,69072.0
Wilshire Pharma,Brand,4,550.06,6298437.0,22667.0,9223.0
Sebela Pharmace,Brand,7,1504.58,6282898.0,6802.0,2521.0
X-Gen Pharmaceu,Generic,5,701.38,6249432.0,3099.0,2101.0
Tagi Pharma,Generic,9,405.69,6225248.0,234238.0,96861.0
Nipro Diag/Triv,Brand,4,23.09,6104646.0,263658.0,108647.0
Global Diabetic,Brand,9,69.04,6013504.0,94999.0,31801.0
Elite Laborator,Brand,3,57.09,5893070.0,131033.0,50219.0
Kremers/Lannett,Generic,5,23.66,5874829.0,235606.0,83252.0
Ritedose Pharma,Brand,4,60.98,5823066.0,293382.0,121174.0
Leucadia/Hikma,Brand,4,5260.68,5799113.0,2448.0,951.0
Sunovion Pharma,Brand,4,1599.58,5770077.0,3500.0,1293.0
Puracap Laborat,Brand,5,41.76,5728163.0,294887.0,238108.0
Mutual Pharm Co,Generic,13,152.62,5650283.0,269407.0,133990.0
Xellia Pharmace,Brand,11,245.33,5592164.0,26562.0,9305.0
Amici Pharmaceu,Brand,4,62.41,5301112.0,242176.0,69039.0
Morton Grove Ph,Brand,18,29.26,5234783.0,248570.0,160003.0
Vistapharm/Pai,Brand,8,234.61,5190647.0,251548.0,174773.0
Virtus Pharmace,Brand,11,203.24,5154188.0,138154.0,42553.0
Akorn Inc.,Brand,33,109.59,5118628.0,226409.0,175113.0
B.Braun,Brand,26,83.0,5062039.0,99259.0,34893.0
Carlsbad Tech,Generic,5,22.03,5059955.0,300054.0,123421.0
Melinta Therape,Brand,6,2912.47,5039262.0,12569.0,6907.0
Edenbridge Phar,Generic,7,365.24,5011580.0,22067.0,10100.0
Fosun Pharma Us,Brand,12,177.3,4944052.0,35042.0,17464.0
"Duchesnay USA,",Brand,3,504.28,4721050.0,8836.0,3596.0
Cumberland Phar,Brand,3,1642.78,4653738.0,6933.0,3199.0
Akorn Inc.,Generic,11,107.55,4600792.0,28553.0,20694.0
Ascend Therapeu,Brand,3,636.05,4511772.0,8194.0,2459.0
Ohm-Sun Pharmac,Brand,5,34.66,4318627.0,89658.0,52638.0
Wilshire Pharma,Generic,6,165.86,4293429.0,60040.0,29806.0
Wockhardt USA L,Generic,8,512.05,4157710.0,174888.0,78110.0
Hikma Pharmaceu,Brand,15,82.87,4078877.0,145933.0,93094.0
Fosun Pharma Us,Generic,6,428.18,4023370.0,26036.0,13996.0
Sagent Pharmace,Brand,35,220.43,3786293.0,34062.0,17169.0
Leadiant Biosci,Brand,4,3144.59,3757856.0,906.0,262.0
Alembic Pharmac*,Brand,3,84.05,3749906.0,35308.0,23779.0
Amneal Bioscien,Generic,7,2383.05,3652397.0,14992.0,8927.0
Diabetic Supply,Brand,6,76.99,3593339.0,45865.0,15459.0
"Uswm, LLC, D.B.",Brand,3,1254.56,3574164.0,2072.0,1092.0
Wal-Mart Stores,Brand,5,16.24,3541666.0,163924.0,62676.0
"Sdi USA, Inc.",Brand,5,78.17,3525525.0,60511.0,21857.0
App/Fresenius K,Generic,18,196.83,3500980.0,25256.0,7978.0
Major Pharmaceu,Brand,81,69.93,3476125.0,214780.0,105624.0
Cycle Pharmaceu,Brand,3,12640.39,3419852.0,190.0,43.0
Arkray USA,Brand,7,31.64,3358993.0,132575.0,56915.0
Method Pharmace,Generic,6,126.98,3334160.0,109805.0,38886.0
Avkare,Generic,40,194.06,3311086.0,38058.0,24979.0
Athenex Pharmac,Brand,17,320.85,3116832.0,10371.0,3615.0
Alvogen Inc*,Brand,3,101.24,3063232.0,28474.0,18850.0
Akorn Inc/Thea,Brand,6,234.08,3062875.0,10551.0,7120.0
Modavar Pharmac,Generic,4,47.86,2961861.0,77278.0,41392.0
Sagent Pharmace,Generic,17,199.14,2956223.0,24829.0,8225.0
"Biocomp Pharma,",Brand,3,192.87,2936375.0,16661.0,5470.0
Egalet/Zyla Lif,Brand,3,1341.84,2894462.0,1573.0,532.0
"Apnar Pharma, L",Generic,3,26.55,2867979.0,100347.0,45996.0
Chartwell Rx Ll,Brand,43,94.3,2863525.0,135342.0,88316.0
Colgate Oral Ph,Brand,7,19.72,2781842.0,135497.0,75724.0
Patriot Pharmac,Brand,4,140.11,2716692.0,20485.0,6382.0
Actavis/Allerga,Brand,3,509.35,2588738.0,5542.0,1478.0
Validus Pharmac,Brand,6,362.46,2581537.0,11866.0,3291.0
Eywa Pharma Inc,Generic,8,188.89,2564180.0,26570.0,14041.0
Teva Women's He,Brand,8,409.34,2508492.0,7796.0,2160.0
Archis Pharma L,Generic,4,881.95,2487123.0,53084.0,27553.0
Heritage Pharma,Generic,3,40.25,2476109.0,137129.0,60240.0
GSK/Woodward Ph,Brand,4,628.48,2462473.0,3665.0,1507.0
Burel Pharmaceu,Generic,4,84.11,2382713.0,37115.0,11041.0
Exelan Pharmace,Generic,31,43.36,2373707.0,473223.0,161132.0
Journey Medical,Brand,5,713.34,2351132.0,3341.0,1343.0
WG Critical Car,Generic,3,239.21,2341128.0,13475.0,5074.0
Method Pharmace,Brand,12,41.58,2218667.0,211435.0,154693.0
Solaris Pharma,Brand,3,237.28,2134912.0,27742.0,19607.0
Silarx/Lannett,Brand,7,90.0,2073226.0,55029.0,25095.0
"Exeltis USA, In",Brand,9,202.93,2027974.0,6184.0,1967.0
Walgreen Co.,Brand,6,14.13,1975696.0,99196.0,53038.0
Puretek Corpora,Brand,9,1383.05,1886554.0,1989.0,595.0
Sheffield Pharm,Brand,4,12.42,1841475.0,147369.0,77043.0
Daiichi Sankyo/,Brand,7,632.76,1791472.0,3298.0,1361.0
Baxter Healthca*,Brand,4,448.6,1777766.0,16549.0,3958.0
Crown Laborator,Brand,4,29.38,1754126.0,52347.0,39276.0
Patriot Pharmac,Generic,3,200.38,1729340.0,17505.0,4684.0
Par Pharmaceuti,Brand,12,1194.78,1624210.0,6276.0,3463.0
Arise Medical L,Brand,5,24.29,1614005.0,87785.0,28785.0
Silarx/Lannett,Generic,6,174.06,1585982.0,14395.0,4507.0
Mylan/Archis Ph,Brand,3,392.67,1580284.0,3566.0,1668.0
Quagen Pharmace,Brand,4,17.74,1574984.0,62936.0,39810.0
"Alk-Abello, Inc",Brand,3,494.86,1475055.0,2990.0,721.0
Allegis Pharmac,Brand,3,777.25,1443996.0,6541.0,3758.0
Covis-Legacy Ph,Brand,3,1624.92,1403908.0,1370.0,311.0
Allergan/Abbvie,Brand,4,1254.66,1333246.0,888.0,461.0
I3 Pharmaceutic,Generic,3,1338.97,1327555.0,9547.0,2625.0
Amer. Regent,Generic,3,103.25,1292713.0,8618.0,3319.0
Amer. Regent,Brand,8,113.86,1285022.0,19522.0,9010.0
Alcon/Novartis,Brand,8,263.01,1260223.0,3897.0,2892.0
"Cmp Pharma, Inc",Brand,6,958.32,1229951.0,2294.0,918.0
Eci Pharmaceuti,Generic,7,56.14,1228226.0,55793.0,24915.0
Glasshouse Phar,Generic,3,366.07,1227713.0,9293.0,6948.0
Winder Laborato,Generic,3,18.75,1095404.0,87177.0,28686.0
Armas Pharmaceu,Brand,7,131.25,1088905.0,17522.0,7272.0
Avion Pharmaceu,Brand,4,437.08,1079114.0,1853.0,527.0
Hospira/Pfizer*,Brand,8,23.34,1061737.0,73635.0,48259.0
Exelan Pharmace,Brand,10,59.5,1055320.0,144187.0,71888.0
Hospira-Novaplu,Brand,6,54.04,1050674.0,9151.0,3701.0
Slv Pharmaceuti,Brand,3,101.24,1027374.0,8128.0,2594.0
Teva Parenteral,Brand,7,1783.09,1025657.0,21817.0,14619.0
Morton Grove Ph,Generic,8,57.58,1012101.0,25220.0,15990.0
Florida Pharmac,Brand,4,19.2,998946.0,56832.0,24957.0
Xspire Pharma,Brand,5,212.66,991285.0,8048.0,6216.0
Greenstone/Pras,Generic,3,38.43,932077.0,20255.0,11283.0
Armas Pharmaceu,Generic,4,1095.22,896946.0,782.0,242.0
Meitheal Pharma,Brand,14,91.43,817951.0,29669.0,16572.0
US Diagnostics,Brand,5,89.43,799012.0,6511.0,2497.0
Wraser Pharma,Brand,3,459.0,798253.0,1209.0,281.0
Avkare,Brand,21,65.94,768046.0,21226.0,14857.0
AHP,Brand,66,42.82,759861.0,29568.0,19603.0
Athenex Pharmac,Generic,7,462.42,756031.0,2108.0,688.0
Mission Pharm.,Brand,4,315.66,731263.0,1705.0,400.0
Dynarex Corp.,Brand,5,22.07,716642.0,39996.0,17121.0
Burel Pharmaceu,Brand,9,145.83,698979.0,31138.0,19695.0
Provepharm Inc.,Brand,3,325.07,675261.0,3204.0,1155.0
Fresenius-Premi,Generic,6,180.31,652568.0,3830.0,1456.0
Rugby,Brand,3,8.87,641552.0,164900.0,69852.0
Radha Pharmaceu,Brand,4,20.24,636136.0,28632.0,14133.0
Marlex Pharm.,Generic,43,74.25,631855.0,32333.0,14986.0
Fresenius-Premi,Brand,22,126.34,629304.0,10489.0,4755.0
Mckesson Packag,Brand,13,25.91,625983.0,9784.0,3765.0
Seton Pharmaceu,Brand,7,76.22,563256.0,5161.0,2510.0
"Athem, LLC",Brand,3,81.33,561338.0,4608.0,1667.0
Modavar Pharmac,Brand,3,67.3,560615.0,7808.0,3527.0
Dash/Natco Phar,Generic,5,183.41,542091.0,2285.0,1361.0
Bd Diabetes,Brand,8,40.66,521961.0,20179.0,10427.0
Sola Pharmaceut,Brand,3,404.52,509350.0,19445.0,11512.0
Fresenius Kabi*,Brand,5,205.78,507074.0,16645.0,8948.0
Auromedics-Nova,Brand,3,342.06,500270.0,1766.0,714.0
Orchid/Bionphar,Generic,5,43.01,493575.0,7517.0,4639.0
Cypress Pharm.,Brand,4,17.4,472022.0,52785.0,27587.0
Owp Pharmaceuti,Brand,6,553.38,439141.0,1600.0,798.0
Marlex Pharm.,Brand,25,37.66,431095.0,25034.0,11176.0
Amneal Bioscien,Brand,4,343.9,425079.0,20822.0,16482.0
Elite Laborator,Generic,3,242.12,421502.0,1729.0,748.0
App-Premierpro,Brand,5,225.4,416978.0,6120.0,2646.0
Teva Parenteral,Generic,11,129.14,412458.0,5226.0,2363.0
Specgx LLC,Brand,3,30.62,410245.0,28453.0,20866.0
Leader,Brand,8,14.88,389608.0,51649.0,22860.0
"STI Pharma, LLC",Generic,3,33.72,388184.0,12144.0,7922.0
Seton Pharmaceu,Generic,4,185.35,379863.0,2716.0,1145.0
Greenstone/Pras,Brand,3,117.05,372892.0,5135.0,2295.0
Baxter Healthca,Generic,6,1565.94,364382.0,235.0,73.0
Medimetriks Pha,Brand,7,369.45,361452.0,752.0,472.0
AHP,Generic,94,60.59,360345.0,22265.0,13501.0
Fresenius-Novap,Generic,4,258.39,356917.0,2548.0,1375.0
"Almaject, Inc",Brand,4,51.2,342244.0,8213.0,2908.0
Xlcare Pharmace,Generic,12,10.94,316375.0,53089.0,12762.0
Gavis/Lupin,Generic,7,43.88,311055.0,8280.0,5504.0
X-Gen Pharmaceu,Brand,6,67.23,306482.0,5744.0,2610.0
Genus Lifescien,Brand,4,39.85,304372.0,4117.0,2987.0
Hosp/Pfiz-Premi,Generic,3,235.95,260550.0,981.0,454.0
Radha Pharmaceu,Generic,4,18.75,260507.0,13863.0,6557.0
Bavarian Nordic,Brand,3,184.08,252737.0,545.0,297.0
Roche Labs.,Brand,3,275.2,248100.0,1432.0,856.0
Vistapharm,Generic,4,99.37,241838.0,2779.0,1541.0
Mylan Instituti*,Brand,5,165.96,239221.0,5135.0,1069.0
Orchid/Bionphar,Brand,3,366.0,237786.0,3253.0,1988.0
Yiling Pharmace,Generic,5,24.58,232757.0,6066.0,3555.0
Puracap Laborat,Generic,6,42.33,229585.0,23458.0,13559.0
Vertical Pharm,Brand,3,614.74,225146.0,522.0,189.0
Perrigo Diabete,Brand,10,12.92,210665.0,19861.0,8783.0
Fresenius-Novap,Brand,4,114.52,199986.0,1049.0,266.0
Sam'S West Inc,Brand,4,18.52,192660.0,9424.0,3915.0
Piramal Critica,Brand,10,246.47,188128.0,1047.0,391.0
Teligent Pharma,Generic,7,169.01,183735.0,2190.0,1164.0
Sherwood,Brand,4,23.49,178673.0,6302.0,2137.0
Xlcare Pharmace,Brand,11,34.43,160269.0,29730.0,11393.0
Amerisource-Gnp,Brand,3,18.44,157332.0,43054.0,17088.0
Teligent Pharma,Brand,7,56.71,140290.0,4441.0,2700.0
Specialty Med,Brand,5,39.55,138305.0,3352.0,1316.0
International M,Brand,4,29.47,128658.0,3705.0,3122.0
West-Ward-Novap,Brand,3,36.66,128337.0,3536.0,987.0
Versapharm/Akor,Generic,3,132.65,125141.0,646.0,387.0
Excellium Pharm,Brand,5,11.97,121469.0,15190.0,7304.0
"IGI Labs, Inc./",Generic,4,106.96,106769.0,1621.0,1025.0
Becton Dickinso,Brand,11,26.8,99145.0,4738.0,2122.0
Claris/Baxter,Brand,4,19.85,85872.0,5376.0,3290.0
Delta Hi-Tech,Brand,9,23.68,85061.0,3979.0,1793.0
West-Ward-Premi,Brand,4,19.22,83770.0,1950.0,871.0
Medicore,Brand,6,21.37,81541.0,3100.0,1145.0
Larken Labs,Brand,5,66.38,79995.0,2112.0,1002.0
Pfizer-Novaplus,Brand,4,99.89,79823.0,665.0,298.0
"Gsms, Inc.",Generic,25,19.52,77605.0,8759.0,2995.0
Methapharm Inc,Brand,3,229.28,72617.0,442.0,126.0
Epi Health LLC,Brand,3,1026.25,69593.0,107.0,74.0
Royal Pharmaceu,Brand,3,41.77,61314.0,1727.0,1303.0
Yiling Pharmace,Brand,4,17.19,59560.0,5009.0,2980.0
Rite Aid Corp.,Brand,4,10.73,58934.0,12006.0,6591.0
Mckesson Packag,Generic,10,15.52,57090.0,5850.0,2706.0
CVS,Brand,3,6.04,54781.0,17883.0,10332.0
Bryant Ranch Pr,Generic,13,31.96,49860.0,2764.0,2016.0
"Civica, Inc.",Brand,9,57.54,48473.0,1972.0,653.0
"Afaxys, Inc.",Brand,12,28.79,46511.0,1876.0,682.0
"IGI Labs, Inc./",Brand,3,52.55,43784.0,1832.0,1296.0
App-Premierpro,Generic,4,77.75,41749.0,429.0,157.0
Ipg Pharmaceuti,Brand,3,167.02,39380.0,482.0,259.0
Covidien/Kendal,Brand,9,10.87,32498.0,4022.0,1626.0
"Gsms, Inc.",Brand,22,46.34,28264.0,1086.0,325.0
Bryant Ranch Pr,Brand,11,31.57,26239.0,833.0,352.0
Avpak,Generic,20,20.98,25768.0,1556.0,1094.0
Ranbaxy Pharmac,Generic,5,11.29,23783.0,2038.0,747.0
Can-Am/Access C,Brand,6,16.61,23268.0,1532.0,571.0
One Pharmaceuti,Brand,6,33.02,23125.0,824.0,326.0
Vensun/Strides,Generic,6,52.03,22739.0,2432.0,1091.0
Bi-Coastal Phar,Generic,6,5.37,20843.0,3113.0,1336.0
Sagent-Premierp,Brand,3,30.06,19804.0,620.0,402.0
Phar-Prep/Pfize,Brand,3,137.41,17529.0,314.0,208.0
Covidien,Brand,3,10.14,16983.0,1837.0,644.0
Precision Dose,Generic,5,122.51,15985.0,134.0,70.0
Ipg Pharmaceuti,Generic,3,72.27,15346.0,221.0,108.0
Hospira-Novaplu,Generic,4,72.44,15316.0,188.0,57.0
Avpak,Brand,12,20.7,14656.0,709.0,466.0
Ranbaxy Pharmac,Brand,5,65.13,14525.0,730.0,286.0
Sky Pharmaceuti,Generic,3,35.95,13992.0,396.0,134.0
Med.Plastic Dev,Brand,3,36.15,13776.0,333.0,131.0
Vensun/Strides,Brand,3,8.49,12643.0,1896.0,1054.0
Impax/Amneal,Generic,3,8.74,10515.0,930.0,526.0
Sky Pharmaceuti,Brand,4,116.6,10002.0,439.0,276.0
Acetris Health,Brand,5,6.78,9629.0,1680.0,1421.0
Exel Int'L Inc.,Brand,3,20.12,7176.0,319.0,116.0
Be Pharmaceutic,Brand,3,113.47,6433.0,59.0,30.0
Proficient Rx L,Generic,6,16.01,5947.0,413.0,180.0
International L,Generic,8,10.25,4443.0,497.0,169.0
Bd Medical Surg,Brand,3,22.25,3568.0,170.0,85.0
Aphena Pharma S,Generic,6,6.91,1891.0,303.0,83.0
Cambridge Thera,Generic,3,8.19,1783.0,186.0,84.0
Acetris Health,Generic,4,4.21,1230.0,321.0,315.0
Pd-Rx Pharm,Brand,3,7.15,1110.0,161.0,68.0
Proficient Rx L,Brand,3,8.55,957.0,89.0,48.0
Alivio Medical,Generic,4,5.93,817.0,123.0,63.0
